"batch size,","percentage,",time in seconds
| 2, 50.03%, 0.715406|
| 4, 37.54%, 1.432648|
| 6, 31.22%, 1.238800|
| 8, 27.31%, 1.526632|
| 10, 24.59%, 1.827719|
| 12, 22.64%, 2.088010|
