|batch size,| percentage, |time in seconds|
| 2, 50.01%, 0.901519|
| 4, 37.48%, 1.267207|
| 6, 31.27%, 1.978463|
| 8, 27.36%, 2.143605|
| 10, 24.64%, 2.507202|
| 12, 22.53%, 2.973392|
